[
  {
    "name":"WallRight",
    "position":{
      "x":1,
      "y":0
    }
  },
  {
    "name":"WallLeft",
    "position":{
      "x":0,
      "y":1
    }
  },
  {
    "name":"WallLeft",
    "position":{
      "x":0,
      "y":1
    }
  },
  {
    "name":"WallLeft",
    "position":{
      "x":0,
      "y":2
    }
  },
  {
    "name":"WallLeft",
    "position":{
      "x":0,
      "y":3
    }
  },
  {
    "name":"WallLeft",
    "position":{
      "x":0,
      "y":4
    }
  },
  {
    "name":"WallLeft",
    "position":{
      "x":0,
      "y":5
    }
  },
  {
    "name":"WallLeft",
    "position":{
      "x":0,
      "y":6
    }
  },
  {
    "name":"WallLeft",
    "position":{
      "x":0,
      "y":7
    }
  },
  {
    "name":"WallLeft",
    "position":{
      "x":0,
      "y":8
    }
  },
  {
    "name":"WallLeft",
    "position":{
      "x":0,
      "y":9
    }
  },
  {
    "name":"WallLeft",
    "position":{
      "x":0,
      "y":10
    }
  },
  {
    "name":"WallLeft",
    "position":{
      "x":0,
      "y":11
    }
  },
  {
    "name":"WallLeft",
    "position":{
      "x":0,
      "y":12
    }
  },
  {
    "name":"WallLeft",
    "position":{
      "x":0,
      "y":13
    }
  },
  {
    "name":"WallLeftEnd",
    "position":{
      "x":0,
      "y":14
    }
  },
  {
    "name":"WallRight",
    "position":{
      "x":2,
      "y":0
    }
  },
  {
    "name":"WallRight",
    "position":{
      "x":3,
      "y":0
    }
  },
  {
    "name":"WallRight",
    "position":{
      "x":4,
      "y":0
    }
  },
  {
    "name":"WallRight",
    "position":{
      "x":5,
      "y":0
    }
  },
  {
    "name":"WallRight",
    "position":{
      "x":6,
      "y":0
    }
  },
  {
    "name":"WallRight",
    "position":{
      "x":7,
      "y":0
    }
  },
  {
    "name":"WallRight",
    "position":{
      "x":8,
      "y":0
    }
  },
  {
    "name":"WallRight",
    "position":{
      "x":9,
      "y":0
    }
  },
  {
    "name":"WallRight",
    "position":{
      "x":10,
      "y":0
    }
  },
  {
    "name":"WallRight",
    "position":{
      "x":11,
      "y":0
    }
  },
  {
    "name":"WallRight",
    "position":{
      "x":12,
      "y":0
    }
  },
  {
    "name":"WallRight",
    "position":{
      "x":13,
      "y":0
    }
  },
  {
    "name":"WallRightEnd",
    "position":{
      "x":14,
      "y":0
    }
  }
]
